examples/poolm.rs	/workspace/madgab-int-a3f19c/examples/poolm.rs
examples/probe.rs	/workspace/probe-0f3a17/examples/probe.rs
examples/probe_final.rs	/workspace/madgab-probe-5b1e93/examples/probe_final.rs
examples/probe_pool.rs	/workspace/madgab-probe-5b1e93/examples/probe_pool.rs
examples/refnum.rs	/workspace/ref-0f3a17/examples/refnum.rs
examples/refpool.rs	/workspace/madgab-fillstrat-probe/examples/refpool.rs
examples/structrank.rs	/workspace/madgab-scratch/examples/structrank.rs
examples/structs.rs	/workspace/madgab-scratch/examples/structs.rs
examples/zz_5e2d42_spans.rs	/workspace/floor-5e2d42-baseprobe/examples/zz_5e2d42_spans.rs
examples/zz_cheapdrop.rs	/workspace/madgab-fillstrat-probe/examples/zz_cheapdrop.rs
examples/zz_floor.rs	/workspace/madgab-fillstrat-probe/examples/zz_floor.rs
examples/zz_hid.rs	/workspace/madgab-fillstrat-probe/examples/zz_hid.rs
examples/zz_measure.rs	/workspace/madgab-score-9a41d3/examples/zz_measure.rs
examples/zz_multi.rs	/workspace/madgab-pairing/examples/zz_multi.rs
examples/zz_pool.rs	/workspace/madgab-score-9a41d3/examples/zz_pool.rs
examples/zz_spread.rs	/workspace/madgab-score-9a41d3/examples/zz_spread.rs
examples/zz_visible.rs	/workspace/madgab-score-9a41d3/examples/zz_visible.rs
examples/zzz_dump_pool.rs	/workspace/madgab-base-5b1e93/examples/zzz_dump_pool.rs
examples/zzz_final_probe.rs	/workspace/madgab-base-5b1e93/examples/zzz_final_probe.rs
src/probe.rs	/workspace/madgab-axis-558697/src/probe.rs
tests/zzprobe.rs	/workspace/madgab-1c3e77/tests/zzprobe.rs
