commit	sha	path
0881b2f6ab551df6b589ff4d1cfbc075b9a9e0f7	82697afdd2776ef13bf9e85c66d0e148d93bc718	src/lib.rs
1339fdfbb0b8e6db2b283d09d71c995513dc7489	1bc6cf8837ea40ba8eb34d2f9f2bf242ca8b518d	docs/work/items/w-3a8f01.md
1339fdfbb0b8e6db2b283d09d71c995513dc7489	a3da170bfef4e82399c032d930edb0f5843d06ab	docs/work/items/w-3a8f02.md
144d03ec7f9bcf08af774472d1b7482d7bd1ec3f	d314453b5bc3d232023903ee62a9054c59312637	src/lib.rs
14986b2ae313f6ff4a7f61ca9c6fe9662eb90d77	287391d7fca918cc723c271e84c5b6848d28128d	tests/corpus_integration.rs
14986b2ae313f6ff4a7f61ca9c6fe9662eb90d77	8f316ae750212d8e2788a40f448d03707c79e875	docs/work/items/w-9d4e17.md
14986b2ae313f6ff4a7f61ca9c6fe9662eb90d77	fce50b68179e3160e82a7a2cfac93840a9c047bc	src/lib.rs
15396cf39244eeb9bccdd402b5098ad63b5af86c	af1d6afc991b15fbd8ea67b33439ddeb96e06229	src/lib.rs
17783956e32f5ddf56a2b9514f09c66f8d3fb4ec	60da55e1894d0eeca47a54e578b30b349c1ea822	tests/corpus_integration.rs
17783956e32f5ddf56a2b9514f09c66f8d3fb4ec	a646e657599620e0f039282fc74161f94fa57ab6	docs/work/items/w-9d4e17.md
17783956e32f5ddf56a2b9514f09c66f8d3fb4ec	f44ce3d718373a39805eeab0ad21e97156dc7610	src/lib.rs
23e577e80ee1658abb5bf650470c7f0ef059ce7e	3887746bf099bd99ad378a65a30efde876896894	docs/work/items/w-4b1e07.md
23e577e80ee1658abb5bf650470c7f0ef059ce7e	bd3c3539b3060bb21d07004b681e8f190e649f05	docs/work/items/w-a1f3d2.md
3e6827f47d6599e29e4b885c811d7e07f58c2019	6f976c2b0f973d0af03299cc863cc1a6e3ffed64	docs/work/items/w-5d03af.md
49bdaa16c6f9a73028210ef76c3f764dd4971df4	af1d6afc991b15fbd8ea67b33439ddeb96e06229	src/lib.rs
5d729aded3333eb64a52d0ceba4f808d3c218276	43529383276b29c52bccf423a4fd290b941bf92e	docs/work/items/w-d5a2c1.md
5fe91b3f07f683f50addc07db1d327a3a2310c9f	30342eb6a18d0aa475482c3e48100ab67d420bb6	docs/work/items/w-d5a2c1.md
639d978850556ece6b76b2f777aa2783fe856c37	0fbe94286ba1c397b3a4b360211810fdbe3aeab0	docs/work/items/w-5d03af.md
6d0c6e0a0330dede79d087cfcce7f78e4dbf81d8	c2232c030632eeeeaa284691ed83d70507b5b2da	src/lib.rs
6d3242666ad4dccc6ecffe480a652a721874b34e	92bf0dd54876a3d23340dcbc6b0dfd822562e1b5	src/lib.rs
6de84cb61e411e548852ba7faab24bedc0689d72	10bbd85062d70c5c00cb1ab7bae2ef2ca2f0c7a2	docs/work/items/w-c1d3a7.md
76b71a07df25363853c8be8cfdfaed9a9583eaf6	287391d7fca918cc723c271e84c5b6848d28128d	tests/corpus_integration.rs
76b71a07df25363853c8be8cfdfaed9a9583eaf6	fce50b68179e3160e82a7a2cfac93840a9c047bc	src/lib.rs
7a33847bb55dd6caa42e48940edc5ede159fd675	f6aafc27a8f9054f0bfe883444db17fa421a08c3	docs/work/items/w-8f0b3d.md
7e49cc6415712195f92d85153fad678d89251713	10bbd85062d70c5c00cb1ab7bae2ef2ca2f0c7a2	docs/work/items/w-c1d3a7.md
7fd804b25bbc4e6ca1fefc79fa736e835f347cdd	9035843502bcc91972fd73be54d6daa0bfe28af3	docs/work/items/w-d5a2c1.md
85825258fe0240ff36ec0a80ed681bbd497dc185	287391d7fca918cc723c271e84c5b6848d28128d	tests/corpus_integration.rs
85825258fe0240ff36ec0a80ed681bbd497dc185	fce50b68179e3160e82a7a2cfac93840a9c047bc	src/lib.rs
8e198fc54dbd696d8d162e013e153cba03119a55	b18e489d59950b9b892a2f10a95fac35faee1905	src/lib.rs
96c25e5371f7fdff83c94448ca1f86b2d8547a50	2ffe259eef1164423657c87759dca425c28669bd	src/lib.rs
9adb46d93a7b2b79b1ea16690648fab2a8ca10a8	60da55e1894d0eeca47a54e578b30b349c1ea822	tests/corpus_integration.rs
9adb46d93a7b2b79b1ea16690648fab2a8ca10a8	8f316ae750212d8e2788a40f448d03707c79e875	docs/work/items/w-9d4e17.md
9adb46d93a7b2b79b1ea16690648fab2a8ca10a8	f44ce3d718373a39805eeab0ad21e97156dc7610	src/lib.rs
a9c141adea3663a2084683ea2933e0e3c12a70ed	a580852722f9eb20a42a45f7246f7f3dd969540d	src/lib.rs
b58434d4d7fc4f87f6d7af52d4e2f6bb7ed2c4c2	791e844e2ac842c933e8496874545408ecee405a	src/lib.rs
c683aa334f27ba288c50320121936b91fcfe1224	2ffe259eef1164423657c87759dca425c28669bd	src/lib.rs
eb4b8f57aa036af69beba8de1ab58a02f0a786ae	442555379d91a96cce661dda4ce50c22d3a5090c	src/lib.rs
ee5159a933bc31c55f4d54e979b5e99dece1a14a	e20fac6bf018e4888008b6f1c88cf514c01003c8	src/lib.rs
f36c9334674eb02070fce4f4f46c00cb7d3c06da	daacc4e86e52b7a4c7d4217de46168e2161f0cca	docs/work/items/w-8f0b3d.md
f993b11a26f6da5c01f7c78ea3368d42c846eb39	af1d6afc991b15fbd8ea67b33439ddeb96e06229	src/lib.rs
fac2a74d18b7bffe715b5b0f1e06910024ef7ff3	13fd53897d5e50771dd3a0a2d62bbe4c3c9fd719	.gitignore.tmp
