recognize speech	0	1	1.946
recognize speech	1	1	1.907
recognize speech	2	1	1.932
recognize speech	3	1	1.904
recognize speech	0	2	1.944
recognize speech	1	2	1.886
recognize speech	2	2	1.931
recognize speech	3	2	1.932
recognize speech	0	3	1.933
recognize speech	1	3	1.914
recognize speech	2	3	1.944
recognize speech	3	3	2.506
recognize speech	0	4	2.424
recognize speech	1	4	2.116
recognize speech	2	4	2.025
recognize speech	3	4	2.031
recognize speech	0	5	2.004
recognize speech	1	5	2.156
recognize speech	2	5	2.365
recognize speech	3	5	2.268
recognize speech	0	6	2.357
recognize speech	1	6	2.351
recognize speech	2	6	2.360
recognize speech	3	6	2.559
recognize speech	0	7	2.299
recognize speech	1	7	2.420
recognize speech	2	7	2.284
recognize speech	3	7	2.484
It's just a stupid game	0	1	2.409
It's just a stupid game	1	1	2.171
It's just a stupid game	2	1	2.137
It's just a stupid game	3	1	2.512
It's just a stupid game	0	2	2.339
It's just a stupid game	1	2	2.233
It's just a stupid game	2	2	2.413
It's just a stupid game	3	2	2.631
It's just a stupid game	0	3	2.283
It's just a stupid game	1	3	2.224
It's just a stupid game	2	3	2.265
It's just a stupid game	3	3	2.731
It's just a stupid game	0	4	2.496
It's just a stupid game	1	4	2.428
It's just a stupid game	2	4	2.397
It's just a stupid game	3	4	2.500
It's just a stupid game	0	5	2.301
It's just a stupid game	1	5	2.660
It's just a stupid game	2	5	2.341
It's just a stupid game	3	5	2.356
It's just a stupid game	0	6	2.304
It's just a stupid game	1	6	2.615
It's just a stupid game	2	6	2.281
It's just a stupid game	3	6	2.434
It's just a stupid game	0	7	2.328
It's just a stupid game	1	7	2.212
It's just a stupid game	2	7	2.070
It's just a stupid game	3	7	2.308
recognize speech	0	1	1.968
recognize speech	1	1	1.931
recognize speech	2	1	1.966
recognize speech	3	1	1.965
recognize speech	0	2	2.001
recognize speech	1	2	1.909
recognize speech	2	2	1.969
recognize speech	3	2	2.073
recognize speech	0	3	2.066
recognize speech	1	3	1.969
recognize speech	2	3	1.963
recognize speech	3	3	2.052
recognize speech	0	4	2.055
recognize speech	1	4	1.964
recognize speech	2	4	2.062
recognize speech	3	4	2.030
recognize speech	0	5	2.008
recognize speech	1	5	1.962
recognize speech	2	5	2.039
recognize speech	3	5	2.045
recognize speech	0	6	2.006
recognize speech	1	6	1.976
recognize speech	2	6	2.034
recognize speech	3	6	2.055
recognize speech	0	7	1.998
recognize speech	1	7	1.966
recognize speech	2	7	2.070
recognize speech	3	7	1.984
