0c47db01f000	0c47db01f00031b070d0891d50d6b18ecc106f8e	a1c80742c508	ca7f7aac1830	src/approx.rs
152811e6c33b	152811e6c33beeb33602ba2f95bae523376c0e46	7fa8dc6112ff	543a3557d374	src/lib.rs
22f16bf08711	22f16bf08711cf83811582756bc66606e3354191	579af1d8bf75	8e1f1abd7361	src/lib.rs
2a3c723e86a7	2a3c723e86a77ff784908524dc998b4a2704bdf3	b5cc7499af4c	c8aa1e6ff242	src/lib.rs
31e9c557e090	31e9c557e090fc99c70bc0997880effb485e2667	65ce182535f9	7c681c93fdff	src/lib.rs
34209e4717a9	34209e4717a91af9a621663253febf650a6e17d6	7c70784bb0fc	44a8b6efd4f7	src/lib.rs
34a251d26988	34a251d26988a3917090ed6b28d5833c75b5f98c	421f45f95383	58b5e97a9d58	src/lib.rs
3954f017a980	3954f017a980229b92377276c1fd3ec43bed0df8	65ce182535f9	8eb4e04d7e2f	src/lib.rs
3f4d337dfa91	3f4d337dfa91b82059db45244aa348c6fa34fd84	eb4240695e48	34a5d1bfc8a4	docs/work/items/w-3c5b18.md
4460ff4bd602	4460ff4bd6028b92c66a595cb316363cc8ed0adf	a8a8f7024549	134dcd6e74a0	src/lib.rs
510fec2fc53e	510fec2fc53e11c8c6d84aaef53ac91797101061	6d1d58d0801f	37f82dfe980a	src/lib.rs
5112fd5eff16	5112fd5eff160aa71edb32224a92357819902cf9	6d1d58d0801f	3c5616e5ed9c	src/lib.rs
54565b4bc228	54565b4bc2287b28ca9c16190f8f2562fb580eb6	7fa8dc6112ff	3fd80a633d04	src/lib.rs
5564a8f55fff	5564a8f55fff3a85052927b0dbfbfbbbd1c5d497	65ce182535f9	4c1397c7a42b	src/lib.rs
5de52552d0c5	5de52552d0c55da50d6af0d0845df7de8b1e023b	7c70784bb0fc	41bcd2fc1f3f	src/lib.rs
66d5c170e377	66d5c170e3773525641c6a502d31dd98ccd44859	a1c80742c508	6f2e678e1bd2	src/approx.rs
68995ae88704	68995ae8870408277c59fe1a716a5b5ee2fe2d60	ef4baccd8719	49c7e0586355	src/lib.rs
69953f8726c0	69953f8726c0588985af72970f27daad6118f044	03fdf52e28a9	475002b07af9	src/lib.rs
70f18a9b615f	70f18a9b615f6c59871328e70db32458226d86e1	534a39c19ffe	08c0521386b0	src/lib.rs
7ccdc970a475	7ccdc970a475bbd3d6a17f760fe7cc3e77903f49	03fdf52e28a9	7e33d059b61f	src/lib.rs
7e501e01e890	7e501e01e890d7a7ba795d1030775134a82be995	a9c141adea36	ec63ed3ef8c7	src/lib.rs
867fc0361090	867fc03610906f457a722f2102b7a5ff1f55b620	7fa8dc6112ff	e39cc76d3b1a	src/lib.rs
89947d02ebb0	89947d02ebb0978de374af04367b64268155b982	421f45f95383	97e156def9d1	src/lib.rs
8b88b4b73e0b	8b88b4b73e0b42b9a90a6a07c6e15af8a2c156e4	a1c80742c508	9a226bda86c9	src/approx.rs
8eab06b3a199	8eab06b3a19911c36c759793ab2b24c4303ff91b	7fa8dc6112ff	78a6df0b73d3	src/lib.rs
92dc2b29b862	92dc2b29b862612f42db7a006aa051ee4317752f	534a39c19ffe	a4d04df392ff	src/lib.rs
93f303e755b0	93f303e755b0c719e100723e4a7e7fecfa8c2b52	03fdf52e28a9	a9e5264b338a	src/lib.rs
ad49a209fe9a	ad49a209fe9afb306a11a93cc5b46f83b9477d97	a1c80742c508	95596301f6e6	src/approx.rs
ae33b058ff5b	ae33b058ff5b8be4da6a1052acee11f57267d84d	a1c80742c508	fad8e20d430d	src/approx.rs
ba5762ba9305	ba5762ba9305c5f2385e5fe8ab5d862ff93b668e	c191eaf6b463	61e6404016e1	src/lib.rs
c13ebf183d88	c13ebf183d88960aae922be1c7cd691ef68f605d	be589ca63178	1db83510ebc8	src/lib.rs
c2b5a83b442d	c2b5a83b442dd5e2e8ae6c1314c8be25c680c1c7	7fa8dc6112ff	207a610f1ce4	src/lib.rs
d7d81e60552e	d7d81e60552e8e7c2f0c1f796afe8fd31e2dab55	03fdf52e28a9	fd6e84a7eefb	src/lib.rs
d9530a26c7e3	d9530a26c7e35a7e0cb27a9dcf1696da40736b86	c71e699f0310	96381cc67e3f	src/lib.rs
e088dc261c8d	e088dc261c8d24e8358c96f45abb2889f4f318e1	65ce182535f9	c55751470b64	src/lib.rs
e7a4b64b505d	e7a4b64b505d3fd2a9f2ed8d8a463ce456a21049	7fa8dc6112ff	180688b53e54	src/lib.rs
ee862e98594e	ee862e98594e9a54fc9c33f36922d4933bd4d027	579af1d8bf75	2b89e931821e	src/lib.rs
f1c1d50f4d9f	f1c1d50f4d9fd74b09a6c02627436b09b50f2d46	03fdf52e28a9	2c772f6c7a9c	src/lib.rs
f66ba6c900f1	f66ba6c900f171c62814c83eb5fed12618b8a61b	a1c80742c508	f6629c566a82	src/approx.rs
